method,kappa,size,mechanism,decode,n_instances,objective_mean,objective_sd,distance_mean,tardiness_mean,id_degradation_percent_mean,rank
AM,2,20,D-AntiDistance,greedy,100,13.897998476031,1.225697603079235,19.464723482131,8.3312734699242,21.910440196186713,5
AM,2,20,D-AntiDistance,sample1280,100,12.6964994573573,1.1029792645024694,17.851020059588997,7.541978855132499,20.55989953203342,4
AM,2,20,D-Bimodal,greedy,100,12.724843779206198,2.2374890516463664,17.862249374388004,7.5874381840228,11.516049962081134,5
AM,2,20,D-Bimodal,sample1280,100,11.742450879812697,2.130256001055294,16.458541259763003,7.026360499857741,11.431985065115084,4
AM,2,20,D-IID,greedy,100,11.519853587745501,2.3587953540427984,17.465923452375996,5.573783723116715,1.055168435566557,5
AM,2,20,D-IID,sample1280,100,10.540552766324401,2.1699668016728024,16.034296569825997,5.0468089628219595,0.13809239195977605,4
AM,2,20,ID,greedy,100,11.508798606399298,1.3231064695431678,17.698270606991,5.3193266057972,0.0,5
AM,2,20,ID,sample1280,100,10.600119161601503,1.1034552642214306,16.367307567593997,4.832930755615701,0.0,4
AM,2,20,Joint,greedy,100,11.4056101775184,2.1572026783134532,17.369265985493,5.441954369544552,0.2665538126594012,5
AM,2,20,Joint,sample1280,100,10.5360743919004,1.975499386372773,16.183680944438,4.888467839361151,0.07783597889693505,4
AM,2,20,P-Lognormal,greedy,100,11.715277214053199,1.208088671870086,17.894774513244997,5.5357799148559,2.2818725918661587,5
AM,2,20,P-Lognormal,sample1280,100,10.643393152953399,1.1019686988637294,16.2969634819,4.989822824000999,0.514927166080295,4
AM,2,20,P-TruncNormal,greedy,100,11.425688204764402,1.1546588496934023,17.581895627976,5.269480781555001,-0.35759155601612796,4
AM,2,20,P-TruncNormal,sample1280,100,10.6066947472158,1.0476314994782512,16.362838954925003,4.8505505394935,0.164759824528783,4
AM,2,50,D-AntiDistance,greedy,100,21.219913539884,1.5096667716448233,33.711954193114,8.727872886657298,19.252930832224223,3
AM,2,50,D-AntiDistance,sample1280,100,19.432348861693995,1.1981340825371365,30.838286170958998,8.0264115524314,20.106654743690402,3
AM,2,50,D-Bimodal,greedy,100,19.857475452425998,3.5549031244736,31.024240703586997,8.690710201260945,11.454511547809112,2
AM,2,50,D-Bimodal,sample1280,100,17.873194832203,2.9017884976547865,28.968377914431997,6.778011749982449,10.473523739022005,2
AM,2,50,D-IID,greedy,100,18.113435010609,2.594104944320297,30.518138370514,5.708731650710267,1.6776558726952573,3
AM,2,50,D-IID,sample1280,100,16.521847538355004,2.2696397723052346,27.968877773286,5.074817303419053,1.988640744279539,4
AM,2,50,ID,greedy,100,17.892584230902,1.4271923210036297,30.346353530880002,5.438814930916198,0.0,3
AM,2,50,ID,sample1280,100,16.253708196284002,1.2823606726128784,27.564628753665996,4.9427876389027,0.0,3
AM,2,50,Joint,greedy,100,18.109610620740003,2.35662166952908,30.365282592775998,5.853938648704048,1.775244898562479,2
AM,2,50,Joint,sample1280,100,16.457697964607004,2.1487204492824774,27.776018810271008,5.13937711894472,1.7435752980920805,4
AM,2,50,P-Lognormal,greedy,100,17.948773003814996,1.6818868468083585,30.191870555879994,5.7056754517555,0.38098097071288195,2
AM,2,50,P-Lognormal,sample1280,100,16.413279019593002,1.3088416513061623,27.872521152494006,4.9540368866916005,1.0225649198667515,2
AM,2,50,P-TruncNormal,greedy,100,17.852161194091,1.4301779033298034,30.265083408353995,5.439238979816301,-0.09419637350056057,3
AM,2,50,P-TruncNormal,sample1280,100,16.289963242411996,1.290502592750994,27.655927429197,4.923999055624,0.2514788170217115,3
AM,3,20,D-AntiDistance,greedy,100,18.960422716137,1.5314278441380973,25.789627418519,12.131218013763698,21.843081188639022,5
AM,3,20,D-AntiDistance,sample1280,100,17.660980935093,1.3595053126617715,24.098948554992997,11.223013315204799,21.60060734794425,5
AM,3,20,D-Bimodal,greedy,100,17.178712956907,2.7698054305538338,23.934002399446005,10.423423514362199,10.515266101976147,5
AM,3,20,D-Bimodal,sample1280,100,16.049062315224997,2.634451014403552,22.174685363764002,9.9234392666798,10.714851465193197,4
AM,3,20,D-IID,greedy,100,16.006364088054003,2.647723606046284,23.518306751248,8.49442142486875,2.86352186830502,3
AM,3,20,D-IID,sample1280,100,14.995828346308,2.717302499539938,22.056865539555996,7.934791153074651,3.444906026813544,4
AM,3,20,ID,greedy,100,15.707635272745,1.7007077242069837,23.641730594636,7.773539950847502,0.0,5
AM,3,20,ID,sample1280,100,14.621044416432001,1.4884259349645912,22.142495269774003,7.0995935630795,0.0,3
AM,3,20,Joint,greedy,100,16.436690070626994,2.67383720577872,23.952214622498996,8.921165518758299,5.784243389062786,5
AM,3,20,Joint,sample1280,100,15.268734636311002,2.5789552427720954,22.158416709898002,8.379052562713149,5.677047813640595,4
AM,3,20,P-Lognormal,greedy,100,16.229182969332,1.9895334627469101,23.952231597899996,8.5061343407629,3.5134468057244463,4
AM,3,20,P-Lognormal,sample1280,100,15.021815876964002,1.6798930880150797,22.387322998048006,7.656308755874001,2.8212300232243552,4
AM,3,20,P-TruncNormal,greedy,100,15.735504220727002,1.6219397834713347,23.879796104428998,7.5912123370153,0.4383097931641797,4
AM,3,20,P-TruncNormal,sample1280,100,14.613489193916001,1.382714679630518,22.259540843964,6.967437543867601,0.06790425047673794,3
AM,3,50,D-AntiDistance,greedy,100,29.106284754280995,1.7791015438395392,47.68894344330101,10.5236260652523,12.807817492676188,3
AM,3,50,D-AntiDistance,sample1280,100,26.922196447848997,1.4928986959106183,43.876989364627,9.967403531075698,13.991054155856032,4
AM,3,50,D-Bimodal,greedy,100,30.345355445740996,5.61573138237667,42.99808208465901,17.692628806829127,17.84543921970577,3
AM,3,50,D-Bimodal,sample1280,100,27.592936577204004,5.024583510351868,40.099942893981,15.0859302604192,16.938398325081184,3
AM,3,50,D-IID,greedy,100,26.699645575290006,4.355280136267036,42.465682525625986,10.933608624938278,3.7300759983476457,4
AM,3,50,D-IID,sample1280,100,24.274207060339,3.723522558469816,39.451341171266996,9.0970729494113,2.7920537655826583,4
AM,3,50,ID,greedy,100,25.971043001411005,2.2721056898464744,42.70759746551301,9.2344885373116,0.0,3
AM,3,50,ID,sample1280,100,23.73078326702,1.8066073528298523,39.519970512399,7.9415960216522,0.0,4
AM,3,50,Joint,greedy,100,27.152288189530996,4.680895279497755,42.66270023346299,11.641876145601708,5.225193561760718,3
AM,3,50,Joint,sample1280,100,24.540134944316005,4.003092070903435,39.732317047113,9.347952841518161,3.8485689445568694,4
AM,3,50,P-Lognormal,greedy,100,26.209246946573995,2.058464843345422,42.957122192387004,9.461371700764701,1.2155496873376375,2
AM,3,50,P-Lognormal,sample1280,100,24.052597174641,1.8209139595193184,39.772848625184,8.332345724108,1.4296622118714728,3
AM,3,50,P-TruncNormal,greedy,100,25.843731402158998,2.1097048644560594,42.638364982603,9.0490978217152,-0.2879661043224937,4
AM,3,50,P-TruncNormal,sample1280,100,23.726687169073998,1.8048740846294795,39.667282447818,7.7860918903352,0.015270019309187841,4
Co-HeT,2,20,D-AntiDistance,greedy,100,12.576499106890399,1.0666660044381544,18.32081549644,6.832182717324299,20.391447602215056,1
Co-HeT,2,20,D-AntiDistance,sample1280,100,12.181296575069899,1.0363293163516931,17.745768089291,6.616825060844401,20.61935774363399,1
Co-HeT,2,20,D-Bimodal,greedy,100,11.5590462312124,2.119219226581704,16.863605813976,6.254486648439659,10.627580286882425,1
Co-HeT,2,20,D-Bimodal,sample1280,100,11.169785078466298,2.0421513308389874,16.232261238101,6.1073089188341205,10.513622972399949,1
Co-HeT,2,20,D-IID,greedy,100,10.425506653190801,2.167413832278319,16.331424989699002,4.519588316678649,-0.12013611440631969,1
Co-HeT,2,20,D-IID,sample1280,100,10.0845738667237,2.0910864462151237,15.730188961023998,4.438958772421026,-0.14461267729146837,1
Co-HeT,2,20,ID,greedy,100,10.5130464482368,1.0642845536378949,16.601404447553,4.424688448905701,0.0,1
Co-HeT,2,20,ID,sample1280,100,10.1647870838619,1.0477907489783485,15.868472900395,4.4611012673376,0.0,1
Co-HeT,2,20,Joint,greedy,100,10.439805161060201,1.9980102144424023,16.422479362489003,4.457130959629738,-0.24794520244552687,1
Co-HeT,2,20,Joint,sample1280,100,10.0592775443201,1.9496936298927514,15.752971906665003,4.365583181977327,-0.49663223389535355,1
Co-HeT,2,20,P-Lognormal,greedy,100,10.519889691467899,1.0885651445976279,16.498179883957,4.5415994989876,0.1505671238880845,1
Co-HeT,2,20,P-Lognormal,sample1280,100,10.2259913891546,1.0812346829038615,15.950437564853003,4.5015452134609,0.6569662369681154,1
Co-HeT,2,20,P-TruncNormal,greedy,100,10.4508450305459,1.0525120550000375,16.430643033981998,4.471047027110999,-0.5214530506249971,1
Co-HeT,2,20,P-TruncNormal,sample1280,100,10.1628481256954,1.023198109439156,15.907315225601998,4.4183810257908,0.04344032302073087,1
Co-HeT,2,50,D-AntiDistance,greedy,100,18.460850427150998,1.1721398765615543,28.485266571045,8.436434283257602,19.105039921859362,1
Co-HeT,2,50,D-AntiDistance,sample1280,100,17.620405313975,1.0927948993585368,27.412580242157002,7.8282303857791,19.346746254802028,1
Co-HeT,2,50,D-Bimodal,greedy,100,17.575078675743,3.272974191847808,27.750112133022995,7.40004521846827,13.214970427796978,1
Co-HeT,2,50,D-Bimodal,sample1280,100,16.40862008512,2.850048267425778,26.727537956227998,6.08970221400371,11.059011857916014,1
Co-HeT,2,50,D-IID,greedy,100,15.796611234544999,2.4093069356097225,26.527064189909996,5.066158279180683,1.6904528552738072,1
Co-HeT,2,50,D-IID,sample1280,100,14.971922044751999,2.283229299381857,25.280738449099996,4.663105640410754,1.1963217689001235,1
Co-HeT,2,50,ID,greedy,100,15.599007830622,1.4063578292501282,26.316914730071,4.881100931167801,0.0,1
Co-HeT,2,50,ID,sample1280,100,14.852172011136002,1.3004495616360705,25.079777641301003,4.6245663809778,0.0,1
Co-HeT,2,50,Joint,greedy,100,15.886265519259998,2.461942772255113,26.562688064578996,5.20984297394829,2.4636471520376406,1
Co-HeT,2,50,Joint,sample1280,100,15.024771846827,2.265042534178731,25.255915813447004,4.793627880215971,1.7444223294544967,1
Co-HeT,2,50,P-Lognormal,greedy,100,15.783438900106002,1.428370218421186,26.501311035155005,5.0655667650703196,1.2723879672296314,1
Co-HeT,2,50,P-Lognormal,sample1280,100,14.953930808906,1.2998607072006276,25.059839725496005,4.8480218923092995,0.7349586615246398,1
Co-HeT,2,50,P-TruncNormal,greedy,100,15.590559797291002,1.3650959926177342,26.375606288914003,4.805513305664,0.029922519881021285,1
Co-HeT,2,50,P-TruncNormal,sample1280,100,14.849260784389003,1.2886061923397063,25.029826698304007,4.6686948704721,0.010587448027569439,1
Co-HeT,3,20,D-AntiDistance,greedy,100,17.66840562582,1.5462365199287238,24.587462406163993,10.749348845481801,21.270231749071865,1
Co-HeT,3,20,D-AntiDistance,sample1280,100,16.905934870242,1.4462884434699028,24.20021057129,9.611659169198,20.08308277713495,1
Co-HeT,3,20,D-Bimodal,greedy,100,15.898681684728,2.4238371925091737,22.872452697759005,8.924910671707101,9.339048159558784,1
Co-HeT,3,20,D-Bimodal,sample1280,100,15.429070580006004,2.394307692689296,22.480193786621,8.3779473733878,9.777720720079625,1
Co-HeT,3,20,D-IID,greedy,100,14.968173482715997,2.4923099905615,22.550892257689007,7.385454707740589,2.8992022058076423,1
Co-HeT,3,20,D-IID,sample1280,100,14.367605141100999,2.390872640754793,22.090975322719995,6.644234959482271,2.1736184042165654,1
Co-HeT,3,20,ID,greedy,100,14.657184439894,1.5130955361035858,22.681774940493998,6.632593939304599,0.0,1
Co-HeT,3,20,ID,sample1280,100,14.161572141647,1.4353451935540993,22.249733829500002,6.073410453796299,0.0,1
Co-HeT,3,20,Joint,greedy,100,15.119738613366998,2.263803542448188,22.938908576967005,7.30056864977023,4.1904428524387685,1
Co-HeT,3,20,Joint,sample1280,100,14.501557101011999,2.1877925092746646,22.291225509648008,6.7118886923769,3.5033338152481237,1
Co-HeT,3,20,P-Lognormal,greedy,100,14.956280277963002,1.7546692199141247,23.034853725432004,6.877706830500199,2.067728950377921,1
Co-HeT,3,20,P-Lognormal,sample1280,100,14.3680556643,1.5359944745580445,22.53399490356,6.2021164250386,1.486804824890519,1
Co-HeT,3,20,P-TruncNormal,greedy,100,14.651121870273998,1.543780078399989,22.620732135771,6.681511604786201,0.010873477472280547,1
Co-HeT,3,20,P-TruncNormal,sample1280,100,14.120563412905001,1.3757708213938693,22.163409442896004,6.077717382908201,-0.21650224225006287,1
Co-HeT,3,50,D-AntiDistance,greedy,100,27.352316508290997,1.910729341870153,45.149972457881006,9.554660558701901,18.302072665021583,1
Co-HeT,3,50,D-AntiDistance,sample1280,100,25.95623095035,1.7485463946213202,42.882378921508,9.0300829792044,17.81186100263501,1
Co-HeT,3,50,D-Bimodal,greedy,100,26.285261089201,4.606886992809151,41.205639228821,11.364882949588289,13.802382502908172,1
Co-HeT,3,50,D-Bimodal,sample1280,100,24.608145314458998,3.938068652291611,39.674894523621,9.541396105291058,11.738983252944806,1
Co-HeT,3,50,D-IID,greedy,100,23.295113976002003,3.0557112592903177,40.006923408511994,6.5833045434948705,0.7669832037855691,1
Co-HeT,3,50,D-IID,sample1280,100,22.141689568162995,2.9222653136419368,38.210044174193996,6.073334962129409,0.5035733758473079,1
Co-HeT,3,50,ID,greedy,100,23.230328447818998,1.7983587426342773,40.447972984318,6.012683911323,0.0,1
Co-HeT,3,50,ID,sample1280,100,22.131754975322,1.6480496604638515,38.463082046515,5.800427904129,0.0,1
Co-HeT,3,50,Joint,greedy,100,23.418075665535,3.4225292475822364,40.254551544189006,6.581599786878676,1.1787825697798693,1
Co-HeT,3,50,Joint,sample1280,100,22.131842008529002,3.138652558318623,38.189058055882,6.074625961186042,0.3297664956486369,1
Co-HeT,3,50,P-Lognormal,greedy,100,23.516655205484998,1.8917286954710493,40.878481559756004,6.154828851222499,1.2766281923786156,1
Co-HeT,3,50,P-Lognormal,sample1280,100,22.341075459720006,1.6919664867368938,38.822582092287,5.8595688271527,0.9692622034058269,1
Co-HeT,3,50,P-TruncNormal,greedy,100,23.215426379444,1.792664799533679,40.309836654664,6.1210161042217,-0.018143421852733342,1
Co-HeT,3,50,P-TruncNormal,sample1280,100,22.197580018040004,1.6551129579022015,38.586782493588,5.808377542496301,0.315647189143931,1
ECHO,2,20,D-AntiDistance,greedy,100,13.730849208832996,1.2799722408298433,19.710086841583003,7.751611576079899,20.537985143690243,4
ECHO,2,20,D-AntiDistance,sample1280,100,12.639561336041,1.0226492208661633,18.10157910347,7.177543568610002,20.72668394772201,3
ECHO,2,20,D-Bimodal,greedy,100,12.582306162117503,2.24113701537956,17.704568662644,7.460043661593901,10.453781809652957,3
ECHO,2,20,D-Bimodal,sample1280,100,11.735021791161598,2.1432544809124794,16.506160898212997,6.963882684111061,12.01606282848087,3
ECHO,2,20,D-IID,greedy,100,11.458237699862302,2.234834914243269,17.473739795682,5.44273560404786,0.8087122719372669,4
ECHO,2,20,D-IID,sample1280,100,10.5258206868181,2.1564529684341065,16.027389192583,5.0242521810537,0.6087264053462037,3
ECHO,2,20,ID,greedy,100,11.463002095223697,1.1775155737608658,17.682621564862004,5.243382625580199,0.0,4
ECHO,2,20,ID,sample1280,100,10.541403124329301,1.1109688921552843,16.317083816532,4.7657224321368,0.0,3
ECHO,2,20,Joint,greedy,100,11.353432328105699,2.1832969483529454,17.548026704787002,5.158837951422028,-0.21180261906338999,3
ECHO,2,20,Joint,sample1280,100,10.506180557904601,1.9965204018013343,16.111477928160998,4.90088318765196,0.33443171777680436,3
ECHO,2,20,P-Lognormal,greedy,100,11.574496725202199,1.3160034383209211,17.718694229126996,5.430299221277499,1.0393161520652874,4
ECHO,2,20,P-Lognormal,sample1280,100,10.638133693341599,1.086972662195986,16.346297674185998,4.9299697124954,1.0528546922594508,3
ECHO,2,20,P-TruncNormal,greedy,100,11.3865060758602,1.1038634984764484,17.625697946549998,5.147314205170099,-0.4553819063633511,3
ECHO,2,20,P-TruncNormal,sample1280,100,10.5519007897364,1.017867690773691,16.321665592193998,4.7821359872816,0.2442296583440594,3
ECHO,2,50,D-AntiDistance,greedy,100,21.469947152136005,1.4950524114724344,33.766840972899,9.173053331376103,20.424695470851333,4
ECHO,2,50,D-AntiDistance,sample1280,100,19.642329006193997,1.251423510195744,30.948354454041,8.3363035583473,21.481599287873077,5
ECHO,2,50,D-Bimodal,greedy,100,20.254309211970003,3.7421842208038196,30.815674304958996,9.69294411897625,13.470995612432832,4
ECHO,2,50,D-Bimodal,sample1280,100,18.0390124023,2.957369316280551,28.545271186835002,7.532753617766169,11.574565115991309,4
ECHO,2,50,D-IID,greedy,100,18.225432856679003,2.8499107167011855,30.090362472533002,6.3605032408246664,2.173493470145448,4
ECHO,2,50,D-IID,sample1280,100,16.448794669512,2.380565535644118,27.581433124541004,5.31615621447369,1.6028244388638586,2
ECHO,2,50,ID,greedy,100,17.938334233160003,1.579643870527548,30.123350124361,5.753318341969899,0.0,4
ECHO,2,50,ID,sample1280,100,16.253594753739996,1.3618466117748962,27.262433261871998,5.244756245613001,0.0,2
ECHO,2,50,Joint,greedy,100,18.243740103538002,2.658372589115518,30.179499568938002,6.30798063814652,2.348032914162988,4
ECHO,2,50,Joint,sample1280,100,16.449026612934997,2.24508696838184,27.491182308198002,5.406870917677481,1.7313642344206133,3
ECHO,2,50,P-Lognormal,greedy,100,18.029206314089,1.5326680733188283,30.089244842531997,5.9691677856436005,0.7441092663861624,4
ECHO,2,50,P-Lognormal,sample1280,100,16.434089558129,1.357354726477896,27.560884494776,5.307294621468198,1.1737854080868666,3
ECHO,2,50,P-TruncNormal,greedy,100,17.97973988414,1.6303053637032623,29.908300132750995,6.0511796355244005,0.35975317415759145,4
ECHO,2,50,P-TruncNormal,sample1280,100,16.260812550787,1.340664622250597,27.281782283781,5.239842817783799,0.08648086666258795,2
ECHO,3,20,D-AntiDistance,greedy,100,18.925571954250998,1.6969195508180805,25.008866043088997,12.842277865408597,22.265557566033134,4
ECHO,3,20,D-AntiDistance,sample1280,100,17.548888103961,1.431173337459936,23.804126663210994,11.2936495447129,19.926035995653685,3
ECHO,3,20,D-Bimodal,greedy,100,17.10870073199,2.6395554575419733,23.376702232358,10.840699231626,10.732400518613417,4
ECHO,3,20,D-Bimodal,sample1280,100,16.179529765841,2.639718237164701,22.248059539797,10.1109999918922,10.75392874708683,6
ECHO,3,20,D-IID,greedy,100,16.091187571288998,2.713733585395805,23.041165580749,9.1412095618304,4.033540777900832,4
ECHO,3,20,D-IID,sample1280,100,15.012004629377,2.6693729186682225,21.923703842168003,8.1003054165853,2.7101922696128575,5
ECHO,3,20,ID,greedy,100,15.633352321385999,1.8251356724972085,23.147824115750996,8.118880527021599,0.0,3
ECHO,3,20,ID,sample1280,100,14.723575514555998,1.4775380392062976,21.902812938688008,7.544338090420501,0.0,6
ECHO,3,20,Joint,greedy,100,16.352803046703,2.8905594336500524,23.303629531861,9.401976561544162,6.218178773818504,4
ECHO,3,20,Joint,sample1280,100,15.269612792729,2.527971075949547,22.050027675633004,8.489197909832399,4.884583226652981,5
ECHO,3,20,P-Lognormal,greedy,100,16.319287533764,2.1155322306668602,23.332919540405,9.3056555271119,4.614620231312472,5
ECHO,3,20,P-Lognormal,sample1280,100,15.168933626410999,1.6992597851074385,22.224591140748004,8.1132761120789,3.0580665217235836,6
ECHO,3,20,P-TruncNormal,greedy,100,15.735885752440002,1.7320420945800064,23.302909469598,8.168862035275202,0.9145646984790343,5
ECHO,3,20,P-TruncNormal,sample1280,100,14.70993814111,1.4613056763337615,21.841681766513,7.578194515708301,-0.028666587782921665,6
ECHO,3,50,D-AntiDistance,greedy,100,28.613101525303,1.8181238923881302,46.965648880011,10.2605541706079,11.389913116486918,2
ECHO,3,50,D-AntiDistance,sample1280,100,26.720463228225004,1.523628245015067,43.733978195194,9.7069482612591,13.157467688658222,2
ECHO,3,50,D-Bimodal,greedy,100,30.086592211726998,5.47017397127792,43.72351131439301,16.449673109055098,17.141988706927506,2
ECHO,3,50,D-Bimodal,sample1280,100,27.298655324578,4.870138823760857,40.801030883791,13.796279765366501,15.640396491155393,2
ECHO,3,50,D-IID,greedy,100,26.413050937650997,3.9090124958125045,43.104957427978,9.721144447324088,2.894093561525714,2
ECHO,3,50,D-IID,sample1280,100,23.882202539444,3.5693141986690815,39.22733366012599,8.537071418762265,1.2547286594096767,2
ECHO,3,50,ID,greedy,100,25.825442664623,2.051290493296904,43.529835853571,8.1210494756707,0.0,2
ECHO,3,50,ID,sample1280,100,23.703550647492,1.6550727764982827,40.127223396304,7.2798778986912005,0.0,3
ECHO,3,50,Joint,greedy,100,27.069435387853996,4.626672041561451,43.780214538575,10.358656237124801,5.329168961239805,2
ECHO,3,50,Joint,sample1280,100,24.312604006531,4.040834779273191,40.029837932584,8.595370080472458,2.865226195634835,2
ECHO,3,50,P-Lognormal,greedy,100,26.41045645475,1.9735417983727648,43.75538753509799,9.065525374409798,2.455838614792547,4
ECHO,3,50,P-Lognormal,sample1280,100,24.099030463695,1.7116882397744515,40.485776672365,7.712284255027501,1.7166759137680803,4
ECHO,3,50,P-TruncNormal,greedy,100,25.777648531199,1.9892385000285353,43.19321956634601,8.3620774960517,-0.0522269493239377,3
ECHO,3,50,P-TruncNormal,sample1280,100,23.689498729701995,1.695193033632646,39.927700424192,7.4512970352166,-0.04478787711476607,3
HDRL,2,20,D-AntiDistance,greedy,100,13.636911798714,1.5230597956926586,18.914646673201002,8.359176924228501,22.987264908125823,2
HDRL,2,20,D-AntiDistance,sample1280,100,12.449483625891698,1.0876702201463022,17.577728033057,7.3212392187123,20.89217507318261,2
HDRL,2,20,D-Bimodal,greedy,100,12.362536035181897,2.288384605428137,17.044180622098,7.6808914482583,11.517105877833323,2
HDRL,2,20,D-Bimodal,sample1280,100,11.482138084766703,2.1070179029485865,15.937741680145,7.026534489390299,11.475756641366702,2
HDRL,2,20,D-IID,greedy,100,11.243238436578599,2.295056258271487,16.598568181995,5.887908691167241,1.7094030344084459,2
HDRL,2,20,D-IID,sample1280,100,10.2848564505585,2.143665623858804,15.468751802451,5.100961098670111,-0.20632708409633413,2
HDRL,2,20,ID,greedy,100,11.1819202911817,1.3245373744739521,16.888685731886,5.4751548504829,0.0,2
HDRL,2,20,ID,sample1280,100,10.367892086506899,1.089754651661282,15.781598072054,4.9541861009593005,0.0,2
HDRL,2,20,Joint,greedy,100,11.212102467417903,2.2187710869296127,16.716052970888,5.708151963949669,1.246140821864489,2
HDRL,2,20,Joint,sample1280,100,10.249277584552202,1.9817441814961878,15.447554416654995,5.05100075245075,-0.5070559945901959,2
HDRL,2,20,P-Lognormal,greedy,100,11.2829873907516,1.2268433571224455,16.961277112959998,5.604697668551802,1.3858643406167814,2
HDRL,2,20,P-Lognormal,sample1280,100,10.4260700744377,1.0846429977924765,15.830730533601002,5.0214096152782,0.6784840219988341,2
HDRL,2,20,P-TruncNormal,greedy,100,11.165318624970002,1.3159364039035963,16.87016716957,5.460470080374801,0.11178854798020729,2
HDRL,2,20,P-TruncNormal,sample1280,100,10.3468344676508,1.0284949530050123,15.740582304000002,4.9530866312979,-0.09372082375152242,2
HDRL,2,50,D-AntiDistance,greedy,100,22.060710484976003,1.8055671421652657,35.663754787442,8.4576661825149,23.070199881332847,6
HDRL,2,50,D-AntiDistance,sample1280,100,20.041251487728,1.3456878848377323,32.449095439913,7.6334075355533,22.356832535668012,6
HDRL,2,50,D-Bimodal,greedy,100,20.272257730957,3.5976260266803144,31.012648811339005,9.531866650582586,13.039249993997357,5
HDRL,2,50,D-Bimodal,sample1280,100,18.146882173417,2.8885565210804063,29.03073959350599,7.263024753334464,10.751470998647083,5
HDRL,2,50,D-IID,greedy,100,18.531290153265,2.8517237122128813,30.410516281129002,6.652064025402627,3.2739848249880668,6
HDRL,2,50,D-IID,sample1280,100,16.687060059904,2.398768739487025,27.835805282594002,5.538314837218525,1.6425803325336974,6
HDRL,2,50,ID,greedy,100,18.044373189208,1.670074011489958,29.859341945644005,6.229404432773899,0.0,6
HDRL,2,50,ID,sample1280,100,16.465787570476,1.3591017718117082,27.594619407658,5.3369557332995985,0.0,6
HDRL,2,50,Joint,greedy,100,18.556060290039998,2.612128269252778,30.137735538481003,6.97438504159322,3.4935441418515847,6
HDRL,2,50,Joint,sample1280,100,16.675602389867,2.2754554826170503,27.713865871430997,5.637338908314621,1.8338556275108266,6
HDRL,2,50,P-Lognormal,greedy,100,18.368148963451,1.5958954860202947,30.077379703523007,6.6589182233812005,2.0948190885888875,5
HDRL,2,50,P-Lognormal,sample1280,100,16.676795867682003,1.3823924896697397,27.638801593779,5.7147901415818,1.332266071701629,6
HDRL,2,50,P-TruncNormal,greedy,100,18.125538426636997,1.5824241971676458,30.14796926498,6.1031075882915005,0.6864860473331721,6
HDRL,2,50,P-TruncNormal,sample1280,100,16.452698135373996,1.3166017138385115,27.509844913480993,5.3955513572694,-0.030007582070059078,5
HDRL,3,20,D-AntiDistance,greedy,100,18.624853627682995,1.8218219609008417,25.359844017029005,11.8898632383377,20.983869441751445,2
HDRL,3,20,D-AntiDistance,sample1280,100,17.208334546094,1.442618005034906,24.333002719876,10.0836663723032,20.10201317497311,2
HDRL,3,20,D-Bimodal,greedy,100,16.924131081105,2.977228450272854,23.473410568239,10.374851593970497,10.264485462071193,2
HDRL,3,20,D-Bimodal,sample1280,100,15.849162420042001,2.6372518308518926,22.027482471465,9.670842368602202,10.79596085212019,2
HDRL,3,20,D-IID,greedy,100,15.7717279473,2.8904371739595103,23.053392486571003,8.49006340801551,2.723384840617113,2
HDRL,3,20,D-IID,sample1280,100,14.689944352206304,2.617036384061217,21.695417118078,7.68447158634446,2.7167244313001344,2
HDRL,3,20,ID,greedy,100,15.520099098682001,1.7927809436948845,23.246150283816995,7.7940479135499,0.0,2
HDRL,3,20,ID,sample1280,100,14.415879102948997,1.4366815150003063,21.889125881192996,6.942632324695199,0.0,2
HDRL,3,20,Joint,greedy,100,16.301884478327004,2.655888314781262,23.210310001376996,9.3934589552867,6.509866142737056,2
HDRL,3,20,Joint,sample1280,100,14.9552144372449,2.5206168628661954,21.838150653834997,8.072278220653299,4.942764037232388,2
HDRL,3,20,P-Lognormal,greedy,100,16.215135555271,2.163817280666272,23.472551460267,8.957719650267002,4.629545610494272,3
HDRL,3,20,P-Lognormal,sample1280,100,14.819382300376999,1.7097851813649565,22.114149131779,7.5246154689786,2.7880255754126835,2
HDRL,3,20,P-TruncNormal,greedy,100,15.338748635053998,1.645744254590535,23.064789505004,7.6127077651012005,-0.9226238731416457,2
HDRL,3,20,P-TruncNormal,sample1280,100,14.348934961557998,1.395375782606805,21.778637733454,6.9192321896561,-0.4015864179739671,2
HDRL,3,50,D-AntiDistance,greedy,100,30.636092135907994,2.5827086310836407,48.893073005676996,12.3791112661387,15.986423475898292,6
HDRL,3,50,D-AntiDistance,sample1280,100,27.703331222535997,1.7764744288500631,44.49295650482701,10.9137059402445,14.979334342735738,6
HDRL,3,50,D-Bimodal,greedy,100,31.540825383070995,6.453788801713433,45.05522182465101,18.0264289414862,19.67085903719544,5
HDRL,3,50,D-Bimodal,sample1280,100,27.846576676968,4.9549428594478915,41.444248504639,14.248904849292304,15.698753787728219,4
HDRL,3,50,D-IID,greedy,100,27.451002864237008,4.262408141801141,44.027509346008,10.874496382474996,4.074490586130795,6
HDRL,3,50,D-IID,sample1280,100,24.498125121593997,3.5759672452015634,40.167988624575,8.828261618614771,1.7827423335274941,5
HDRL,3,50,ID,greedy,100,26.579901924137,2.3700734831723964,44.164867935182,8.994935913086,0.0,6
HDRL,3,50,ID,sample1280,100,24.197987644677998,1.7772409929646968,40.572386054990005,7.823589234353299,0.0,5
HDRL,3,50,Joint,greedy,100,28.060332025883998,4.80868602652066,44.75951583862201,11.361148213147912,6.032734130961476,6
HDRL,3,50,Joint,sample1280,100,24.785430170894003,3.890377509561947,40.700968627933,8.86989171385835,2.774803673693607,5
HDRL,3,50,P-Lognormal,greedy,100,27.203468060493,2.4175876805444823,44.61875740051801,9.7881787204757,2.628250099876405,6
HDRL,3,50,P-Lognormal,sample1280,100,24.564448699950002,1.8524999344386701,40.831273956298,8.2976234436046,1.5629256352081777,5
HDRL,3,50,P-TruncNormal,greedy,100,26.463433616157005,2.2082912515417084,43.818814849853,9.108052382471099,-0.21515256392667872,6
HDRL,3,50,P-TruncNormal,sample1280,100,24.149697729344997,1.7612185909288336,40.45500240325799,7.844393055438501,-0.16765016384587045,5
MVMoE,2,20,D-AntiDistance,greedy,100,13.728007841113998,1.371280908114928,19.034278488155,8.4217371940613,20.74113663865925,3
MVMoE,2,20,D-AntiDistance,sample1280,100,12.740240640635001,1.122960226451815,17.848947362902,7.6315339183806,20.913204264338866,5
MVMoE,2,20,D-Bimodal,greedy,100,12.618820967668999,2.31028430314132,17.356510238646,7.881131696702901,10.9876003698947,4
MVMoE,2,20,D-Bimodal,sample1280,100,11.776385504605798,2.171107626544818,16.242412986753,7.3103580224536,11.643372238617806,5
MVMoE,2,20,D-IID,greedy,100,11.298575764894302,2.2560963435895656,16.811957397461,5.78519413232631,-0.5187635312980529,3
MVMoE,2,20,D-IID,sample1280,100,10.5561843335663,2.196905209386136,15.736071758272999,5.37629690885553,0.19294667985795652,5
MVMoE,2,20,ID,greedy,100,11.4503880190891,1.2177539803916262,17.25385736465,5.646918673515,0.0,3
MVMoE,2,20,ID,sample1280,100,10.603647189141402,1.0735540697401298,16.098501434333,5.1087929439546995,0.0,5
MVMoE,2,20,Joint,greedy,100,11.372541240152803,2.027351190983374,17.027369508739998,5.717712971568099,-0.009185581744624614,4
MVMoE,2,20,Joint,sample1280,100,10.568079818188501,1.9742250682784357,15.954539175033,5.181620461344089,0.2634216958073478,5
MVMoE,2,20,P-Lognormal,greedy,100,11.4657119047638,1.2748545164174876,17.116145181656996,5.815278627872299,0.3415789976020438,3
MVMoE,2,20,P-Lognormal,sample1280,100,10.657934496403097,1.0995774073320717,16.082128915791003,5.233740077018901,0.5919837869618112,5
MVMoE,2,20,P-TruncNormal,greedy,100,11.440871224401397,1.2635056224646959,17.130063486096002,5.7516789627072,0.07558240986891133,5
MVMoE,2,20,P-TruncNormal,sample1280,100,10.6222667646374,1.044402589633729,16.112033472063,5.1325000572201,0.2623254217261899,5
MVMoE,2,50,D-AntiDistance,greedy,100,21.027220270636004,1.319410542414894,32.195941543577995,9.858498997684999,19.0116435457271,2
MVMoE,2,50,D-AntiDistance,sample1280,100,19.397122323517,1.1417921193101905,30.031791000365,8.7624536466595,19.70208788325211,2
MVMoE,2,50,D-Bimodal,greedy,100,19.975602930186998,3.7300500326699506,30.219088306431004,9.732117553949347,13.011421870134365,3
MVMoE,2,50,D-Bimodal,sample1280,100,17.924187706113,2.919639304878084,28.332464179995004,7.515911232232951,10.676351143733546,3
MVMoE,2,50,D-IID,greedy,100,18.022580355408003,2.7749938659216253,29.69329057693,6.35187013387927,1.9499268741753526,2
MVMoE,2,50,D-IID,sample1280,100,16.50906574994,2.3163274814959647,27.555535030363004,5.462596469522998,1.7439567658360884,3
MVMoE,2,50,ID,greedy,100,17.743186826707003,1.3544613109395112,29.551179409023998,5.935194244385101,0.0,2
MVMoE,2,50,ID,sample1280,100,16.286270440817,1.3286403851289492,27.302664928435,5.269875953197398,0.0,4
MVMoE,2,50,Joint,greedy,100,18.135888578001,2.5156322400149795,29.701738548284,6.57003860771543,2.774916455800352,3
MVMoE,2,50,Joint,sample1280,100,16.435653788145,2.22670524568853,27.272491531373003,5.598816044926671,1.467269141366684,2
MVMoE,2,50,P-Lognormal,greedy,100,17.995933600664,1.47338229491476,29.704491729736002,6.2873754715927985,1.5260494153448318,3
MVMoE,2,50,P-Lognormal,sample1280,100,16.494101612564002,1.2704273047359176,27.275403251647006,5.712799973488301,1.3564787326391297,4
MVMoE,2,50,P-TruncNormal,greedy,100,17.694296015497,1.3516925509452367,29.383377342231,6.005214688778398,-0.14352054357573268,2
MVMoE,2,50,P-TruncNormal,sample1280,100,16.351623372434002,1.3056221740262381,27.344871826176004,5.358374918699399,0.44582619081728453,4
MVMoE,3,20,D-AntiDistance,greedy,100,18.901459281441003,1.6917435566130008,25.233309803012002,12.569608759883499,22.16227578238274,3
MVMoE,3,20,D-AntiDistance,sample1280,100,17.605865986346,1.3507338287048567,23.788689537050995,11.423042435645204,21.09451186780884,4
MVMoE,3,20,D-Bimodal,greedy,100,17.061266103986,2.6955167694678885,23.626943244932,10.495588963031901,10.267809653407355,3
MVMoE,3,20,D-Bimodal,sample1280,100,16.079170314073,2.6146923498816133,22.053853702543996,10.104486925603899,10.757416342904369,5
MVMoE,3,20,D-IID,greedy,100,16.101342912024,2.8314202965327135,23.322187442776,8.88049838126127,3.9301926723268767,5
MVMoE,3,20,D-IID,sample1280,100,15.0856009840927,2.766524906611018,21.923135013580996,8.2480669546133,3.930455579283008,6
MVMoE,3,20,ID,greedy,100,15.644903690816998,1.7773580141277927,23.353376045229997,7.936431336403,0.0,4
MVMoE,3,20,ID,sample1280,100,14.635707771779003,1.4776966164354384,21.992583065035998,7.278832478522101,0.0,4
MVMoE,3,20,Joint,greedy,100,16.332810364958004,2.588623934984358,23.058645877838998,9.6069748520834,5.80631676341269,3
MVMoE,3,20,Joint,sample1280,100,15.282715473179003,2.616778957282779,22.081329174043,8.48410177231043,5.622628117167291,6
MVMoE,3,20,P-Lognormal,greedy,100,16.065188155174997,1.9393538810285413,23.385734825138,8.7446414852154,2.9135961419934846,2
MVMoE,3,20,P-Lognormal,sample1280,100,15.034717571736996,1.734859390024082,22.185214786529,7.8842203569415,2.743754043369302,5
MVMoE,3,20,P-TruncNormal,greedy,100,15.62625753999,1.6887374252668423,23.263759269716,7.988755810259801,0.11490980555669043,3
MVMoE,3,20,P-TruncNormal,sample1280,100,14.625129153725002,1.439562719825214,21.966191406249,7.284066901205302,0.005229863435720983,5
MVMoE,3,50,D-AntiDistance,greedy,100,29.145885725022005,1.8336852766774627,45.82593807220601,12.465833377841403,12.503084970593031,4
MVMoE,3,50,D-AntiDistance,sample1280,100,26.777661914830006,1.5143861396998055,42.22211177826001,11.333212051396401,13.689158796136908,3
MVMoE,3,50,D-Bimodal,greedy,100,30.702394352556002,5.959714127165742,42.907224006653,18.497564698453,18.49493428762897,4
MVMoE,3,50,D-Bimodal,sample1280,100,27.914570627809002,5.338278845456734,40.055994949338995,15.773146306273603,18.697173699144866,5
MVMoE,3,50,D-IID,greedy,100,26.520574719900996,4.4977165938439105,42.267467803954,10.773681635854468,2.3314065418069028,3
MVMoE,3,50,D-IID,sample1280,100,24.066501137615,3.8527752118915446,39.011520614625006,9.12148166060367,2.3106740238667585,3
MVMoE,3,50,ID,greedy,100,26.068457014558,2.132101031616833,42.988168449401,9.1487455797186,0.0,4
MVMoE,3,50,ID,sample1280,100,23.653772728447002,1.7640018241277975,39.374159355161,7.9333861017239995,0.0,2
MVMoE,3,50,Joint,greedy,100,27.35020078897699,4.74327990238435,42.960521392822,11.73988018512589,5.330877112658392,4
MVMoE,3,50,Joint,sample1280,100,24.391923168301005,4.198171789589321,39.3895923233,9.39425401329971,3.478778383542279,3
MVMoE,3,50,P-Lognormal,greedy,100,26.338641840223005,2.3243274715532283,42.63112564086799,10.046158039570301,1.213911430979828,3
MVMoE,3,50,P-Lognormal,sample1280,100,24.014956103567005,1.924512903171846,39.610402908328,8.419509298801,1.55524944163246,2
MVMoE,3,50,P-TruncNormal,greedy,100,25.750302224161,2.1591327540510505,42.710212516784,8.790391931535202,-1.1005386109300808,2
MVMoE,3,50,P-TruncNormal,sample1280,100,23.635143600704996,1.8152195385950471,39.278247222901,7.9920399785030005,-0.06546865060267183,2
TDRL,2,20,D-AntiDistance,greedy,100,14.553425304894,1.4195998052427699,19.698404569629997,9.408446040150402,21.496430420275647,6
TDRL,2,20,D-AntiDistance,sample1280,100,12.957071776391999,1.1097290310828594,17.820917320251,8.093226232528302,21.55220226459804,6
TDRL,2,20,D-Bimodal,greedy,100,13.197535032337996,2.4040771077312817,18.257724027633,8.137346037031099,10.054270638030346,6
TDRL,2,20,D-Bimodal,sample1280,100,11.848294340668401,2.1884648924741303,16.094266548162,7.60232213318466,10.945282252069296,6
TDRL,2,20,D-IID,greedy,100,11.8827726286643,2.1969773068855853,17.645100584037003,6.1204446733015505,-0.8035804803050547,6
TDRL,2,20,D-IID,sample1280,100,10.647761629228501,2.2136383829227726,15.772513523099999,5.52300973534491,-0.05917188694586507,6
TDRL,2,20,ID,greedy,100,12.080397666696502,1.3982490486181756,17.9839859581,6.1768093752851,0.0,6
TDRL,2,20,ID,sample1280,100,10.732124950883298,1.0984726270563943,16.134266433716,5.329983468055401,0.0,6
TDRL,2,20,Joint,greedy,100,11.9144428831352,2.3037593114565906,17.642268486026,6.1866172802444614,-0.42053387808501613,6
TDRL,2,20,Joint,sample1280,100,10.598521177767498,2.0665399928362174,15.706333074568,5.490709280968849,-0.5799887207115612,6
TDRL,2,20,P-Lognormal,greedy,100,12.070641429423496,1.30623116351252,17.999076805116,6.1422060537353005,0.2744149289727105,6
TDRL,2,20,P-Lognormal,sample1280,100,10.7752975332751,1.1683670186030335,16.057775201795994,5.4928198647501,0.46581252249875216,6
TDRL,2,20,P-TruncNormal,greedy,100,11.9572501790576,1.3038385732534667,17.853981390004,6.0605189681065,-0.7809687886535356,6
TDRL,2,20,P-TruncNormal,sample1280,100,10.7000262367703,1.0453766204826358,16.043954563139998,5.356097910403901,-0.21673990098100834,6
TDRL,2,50,D-AntiDistance,greedy,100,21.596204793455996,1.6852663518423872,32.164978675840004,11.0274309110629,20.54646198499348,5
TDRL,2,50,D-AntiDistance,sample1280,100,19.454803702830002,1.232914700878271,29.920555706020995,8.9890516996372,19.133851597861966,4
TDRL,2,50,D-Bimodal,greedy,100,20.391973076467,3.808285788380197,29.781270427701003,11.00267572522073,13.740858945977674,6
TDRL,2,50,D-Bimodal,sample1280,100,18.309263343808002,3.181971919336131,28.160635929109002,8.457890758514129,12.123881936445159,6
TDRL,2,50,D-IID,greedy,100,18.380294507441,2.7737608903845357,29.484259185787,7.276329829096948,2.450779224957035,5
TDRL,2,50,D-IID,sample1280,100,16.564668518303,2.492508598264024,27.237002868652,5.892334167957927,1.3017638348885894,5
TDRL,2,50,ID,greedy,100,18.016987156865003,1.6480816101592703,29.077450008392002,6.956524305342799,0.0,5
TDRL,2,50,ID,sample1280,100,16.404345681666,1.3310676384643492,27.064409751889,5.7442816114426,0.0,5
TDRL,2,50,Joint,greedy,100,18.349573137466,2.692560281871808,29.279157295230004,7.41998897969653,2.643361462448843,5
TDRL,2,50,Joint,sample1280,100,16.585522164699,2.3725443319077946,27.00187292099201,6.1691714084144,1.5999866561592768,5
TDRL,2,50,P-Lognormal,greedy,100,18.380998300908,1.6803470679913193,29.484908943174002,7.2770876586432,2.172268500580436,6
TDRL,2,50,P-Lognormal,sample1280,100,16.648855412601005,1.3512836468591392,27.304650039674993,5.993060785531901,1.5487282479556004,5
TDRL,2,50,P-TruncNormal,greedy,100,18.108086943624002,1.5755407152507752,29.157803287506,7.058370599746801,0.6432786836647405,5
TDRL,2,50,P-TruncNormal,sample1280,100,16.455051223636,1.33912210221083,27.157420997619003,5.752681449652,0.3353898609722366,6
TDRL,3,20,D-AntiDistance,greedy,100,20.854643654824994,1.5754482018780809,26.224522743227,15.484764566424902,21.011781467912297,6
TDRL,3,20,D-AntiDistance,sample1280,100,17.718914027217,1.271341098872337,24.439278888701,10.998549165726299,21.643255760598095,6
TDRL,3,20,D-Bimodal,greedy,100,19.129723469023002,3.120390493904266,24.507848758699,13.751598179339698,11.237423262857023,6
TDRL,3,20,D-Bimodal,sample1280,100,16.021650732757998,2.505928267651889,22.356805305477998,9.6864961600333,10.188820476468543,3
TDRL,3,20,D-IID,greedy,100,17.864911873342997,3.2285394818988395,24.036034526828004,11.693789219855702,3.6359739172420587,6
TDRL,3,20,D-IID,sample1280,100,14.902372788192999,2.5944391240838134,22.213957786559995,7.5907877898219995,2.4128817806334792,3
TDRL,3,20,ID,greedy,100,17.371388857364,1.7904404616332894,23.954196681977997,10.7885810327567,0.0,6
TDRL,3,20,ID,sample1280,100,14.665163940191002,1.4732453586209293,22.363503360741003,6.966824519635001,0.0,5
TDRL,3,20,Joint,greedy,100,18.064511059525003,3.2872636129329598,23.976555824277998,12.1524662947663,5.044778313044447,6
TDRL,3,20,Joint,sample1280,100,15.127934174533102,2.455305804399512,22.225930843352003,8.0299375057208,4.348158721631158,3
TDRL,3,20,P-Lognormal,greedy,100,18.100330877300998,1.9882158649448112,24.361510372162,11.839151382445802,4.442885529366734,6
TDRL,3,20,P-Lognormal,sample1280,100,14.997549370524998,1.6607576145417813,22.580982418059,7.414116322995901,2.2861049957580537,3
TDRL,3,20,P-TruncNormal,greedy,100,17.352389843462,1.8205137798626545,24.051435813905005,10.653343873022003,0.07451997243099116,6
TDRL,3,20,P-TruncNormal,sample1280,100,14.622404093741002,1.4564114596543052,22.408251724236006,6.836556463240199,-0.24576685394423545,4
TDRL,3,50,D-AntiDistance,greedy,100,29.360739367008996,1.7215141376175824,45.202846794128,13.518631939888499,11.857924807041575,5
TDRL,3,50,D-AntiDistance,sample1280,100,27.288216907977997,1.6009513201281853,42.954778709409,11.621655106549198,13.127192221396003,5
TDRL,3,50,D-Bimodal,greedy,100,31.937025928497,6.728802165449006,42.735100784301,21.138951072692212,21.981212816856495,6
TDRL,3,50,D-Bimodal,sample1280,100,28.768934166429,5.575418397683761,40.401838645937,17.136029686929025,19.42575642269479,6
TDRL,3,50,D-IID,greedy,100,27.200952124597002,4.504189742637183,42.231279907228,12.1706243419664,3.6350023155982196,5
TDRL,3,50,D-IID,sample1280,100,24.728465930225003,3.996258978159297,39.308577842717995,10.14835401773375,2.5546495410004035,6
TDRL,3,50,ID,greedy,100,26.400235862726994,2.174966457033414,42.67304149627799,10.1274302291911,0.0,5
TDRL,3,50,ID,sample1280,100,24.233901299239,1.8185407867170422,39.979803771973,8.4879988265045,0.0,6
TDRL,3,50,Joint,greedy,100,28.019686566592004,5.135216468356465,42.7295803833,13.309792749881051,6.755725985540227,5
TDRL,3,50,Joint,sample1280,100,25.199543902277995,4.315516334536282,39.763742370606,10.63534543395107,4.351205730352068,6
TDRL,3,50,P-Lognormal,greedy,100,27.174730247261994,2.441204311441757,43.086791267396,11.2626692271237,3.0517896750835125,5
TDRL,3,50,P-Lognormal,sample1280,100,24.755057412390002,1.9287657239367164,40.351976776122996,9.158138048649102,2.1842809390245903,6
TDRL,3,50,P-TruncNormal,greedy,100,26.274238435024994,2.073758419846897,42.490988502505,10.057488367557102,-0.34500124225877626,5
TDRL,3,50,P-TruncNormal,sample1280,100,24.207214356661993,1.7774422255976643,39.97184078216699,8.442587931156298,-0.07766490469943552,6
