category,method,mode,kappa,size,rpd_n,mean_rpd,sd_rpd,time_s,rpd_rank
MILP,Gurobi,,2,10,100.0,0.006779213538585809,0.06778662038249077,1151.4149200153352,1
MILP,Gurobi,,2,20,100.0,0.7505650850923105,1.4066239153640554,3600.012549993992,1
MILP,Gurobi,,2,50,100.0,46.22074314992418,25.825229548412267,3600.011353571415,17
MILP,Gurobi,,2,100,,,,3600.0,
MILP,Gurobi,,3,10,100.0,0.07153553071798749,0.42192376411497035,3296.316123328781,1
MILP,Gurobi,,3,20,100.0,3.6607120067381276,3.899507141189898,3600.029010000229,2
MILP,Gurobi,,3,50,93.0,107.89077491977935,40.918491883885544,3600.008730876446,17
MILP,Gurobi,,3,100,,,,3600.0,
Meta.,ALNS,,2,10,100.0,2.1295491241179563,1.3581264765603298,3.042397737503052,5
Meta.,IGA,,2,10,100.0,0.6265352424475199,0.6640054201937325,12.257626116275787,4
Meta.,DABC,,2,10,100.0,0.13251593967097444,0.18054495490140196,33.90496629476547,2
Meta.,DIWO,,2,10,100.0,0.19058749316780843,0.3451198901683069,74.36903870105743,3
Meta.,ALNS,,2,20,100.0,5.662802184216729,1.9928895234676416,26.037908256053925,7
Meta.,IGA,,2,20,100.0,2.4335229178916045,1.2320154485621824,96.81104296445848,2
Meta.,DABC,,2,20,100.0,5.356020757511727,1.6267887922615372,60.28946805000305,6
Meta.,DIWO,,2,20,100.0,3.7450672105498226,1.7716840218264864,131.12098240852356,4
Meta.,ALNS,,2,50,100.0,7.67057899583449,2.787725784247421,537.4275614619255,4
Meta.,IGA,,2,50,100.0,5.750877144919969,2.295195455900977,842.9486801624298,3
Meta.,DABC,,2,50,100.0,23.7100125592103,3.754266141368455,138.56141465902328,15
Meta.,DIWO,,2,50,100.0,24.846714495486022,4.361607575249547,298.44689148664474,16
Meta.,ALNS,,2,100,100.0,27.11989618259976,4.808651917537302,3600.0,11
Meta.,IGA,,2,100,100.0,36.68921762207361,5.250007093955643,3600.0,12
Meta.,DABC,,2,100,100.0,46.694980826988306,5.2163358882527,271.5247487425804,13
Meta.,DIWO,,2,100,100.0,57.10578605538418,6.701435922471499,574.8694716691971,15
Meta.,ALNS,,3,10,100.0,3.3721043411645155,2.1646722209101905,41.12988704442978,10
Meta.,IGA,,3,10,100.0,1.0066281391375724,0.8562868813677728,211.71767354011536,2
Meta.,DABC,,3,10,100.0,4.75722959175285,1.450232620484566,47.14978295564652,12
Meta.,DIWO,,3,10,100.0,3.128254423307717,1.3126997091669284,106.90503716468812,9
Meta.,ALNS,,3,20,100.0,6.35974272573484,2.607303281101042,389.0245298743248,10
Meta.,IGA,,3,20,100.0,3.742156722819738,1.8999998777007205,1595.6215394735336,4
Meta.,DABC,,3,20,100.0,22.438316089001628,3.7938905809939203,87.17223888635635,16
Meta.,DIWO,,3,20,100.0,18.853785105738456,3.55401284788972,191.2426837682724,15
Meta.,ALNS,,3,50,100.0,34.08580878997937,5.136181051428151,3600.0,13
Meta.,IGA,,3,50,100.0,37.03872051203499,5.886718387243805,3600.0,14
Meta.,DABC,,3,50,100.0,52.11735019683631,5.862383895321997,208.848424077034,16
Meta.,DIWO,,3,50,100.0,52.06120556241851,6.166547356886924,455.0169499516487,15
Meta.,ALNS,,3,100,99.0,111.6118348697526,11.659640765435576,3600.0,15
Meta.,IGA,,3,100,100.0,117.2739607391234,11.793136370919713,3600.0,16
Meta.,DABC,,3,100,100.0,88.29595199430571,8.543675953575825,418.5681051015854,13
Meta.,DIWO,,3,100,100.0,99.85288163540612,9.731227695192288,903.1323374509813,14
Greedy,AM,greedy,2,10,100.0,11.946349115000212,8.149579768797537,0.04697153568267818,17
Greedy,MVMoE,greedy,2,10,100.0,11.105754533429659,8.17470782271971,0.06304975986480708,15
Greedy,HDRL,greedy,2,10,100.0,6.857766766474778,5.155485465185169,0.047714142799377406,13
Greedy,TDRL,greedy,2,10,100.0,7.800925407459487,5.3828327181074185,0.055136439800262414,14
Greedy,ECHO,greedy,2,10,100.0,11.324485733457182,11.180269308996056,0.04828293085098262,16
Greedy,Co-HeT,greedy,2,10,100.0,4.245431092370637,3.2919704563993433,0.055001034736633245,9
Greedy,AM,greedy,2,20,100.0,16.75936844011077,6.908599418806361,0.087536187171936,16
Greedy,MVMoE,greedy,2,20,100.0,16.20882663054507,6.53633944182332,0.11843894004821774,15
Greedy,HDRL,greedy,2,20,100.0,13.852905939353246,6.75892857429809,0.08836632966995234,13
Greedy,TDRL,greedy,2,20,100.0,22.54838263342152,7.082412673773675,0.10279598712921137,17
Greedy,ECHO,greedy,2,20,100.0,16.03666121267898,7.183333472497097,0.08697144031524655,14
Greedy,Co-HeT,greedy,2,20,100.0,5.909246203372103,3.8062706935704598,0.10463489055633542,8
Greedy,AM,greedy,2,50,100.0,21.569426137436544,6.8689828351731075,0.20833541393280025,12
Greedy,MVMoE,greedy,2,50,100.0,20.703663581161848,6.166718334801865,0.28584207057952876,10
Greedy,HDRL,greedy,2,50,100.0,22.733842226757023,6.615442812376055,0.20992765903472896,13
Greedy,TDRL,greedy,2,50,100.0,22.818863541622147,5.990987314432732,0.24916816711425777,14
Greedy,ECHO,greedy,2,50,100.0,21.262544454525017,6.587401937945121,0.2070806789398193,11
Greedy,Co-HeT,greedy,2,50,100.0,5.499691956379138,2.6213010021237784,0.24653367280960078,2
Greedy,AM,greedy,2,100,100.0,23.481798323870624,5.5313254647361205,0.41204014539718625,10
Greedy,MVMoE,greedy,2,100,100.0,19.491222790374565,6.047267787838245,0.5664134407043457,8
Greedy,HDRL,greedy,2,100,100.0,48.80687005019784,26.599691334862758,0.4201578831672668,14
Greedy,TDRL,greedy,2,100,100.0,18.643514063495715,5.539623484671969,0.48382623434066774,7
Greedy,ECHO,greedy,2,100,100.0,19.81853223594565,6.1189099631162005,0.40461186170578,9
Greedy,Co-HeT,greedy,2,100,100.0,8.200583473309404,3.7083810308431358,0.48899982452392576,2
Greedy,AM,greedy,3,10,100.0,6.9860262230245995,6.016944348594482,0.0553566455841064,14
Greedy,MVMoE,greedy,3,10,100.0,7.474090215834087,6.054923902915002,0.07637711048126217,15
Greedy,HDRL,greedy,3,10,100.0,5.090363691837899,4.224527382857486,0.05605632305145259,13
Greedy,TDRL,greedy,3,10,100.0,8.676089478182075,4.278308650720463,0.06957588195800776,17
Greedy,ECHO,greedy,3,10,100.0,8.383631970423922,7.2968680706808495,0.05497875690460201,16
Greedy,Co-HeT,greedy,3,10,100.0,3.686567614942939,3.4649294041193657,0.06374677181243892,11
Greedy,AM,greedy,3,20,100.0,13.346408761279733,7.208270862420303,0.10389553070068354,14
Greedy,MVMoE,greedy,3,20,100.0,12.857654099185707,7.1770432025026265,0.14530223131179806,13
Greedy,HDRL,greedy,3,20,100.0,12.445668904884894,6.406096968235219,0.1057886457443237,11
Greedy,TDRL,greedy,3,20,100.0,25.779530273382047,7.628930587233815,0.1306112957000732,17
Greedy,ECHO,greedy,3,20,100.0,12.761847754872713,7.002445898764793,0.10305374145507809,12
Greedy,Co-HeT,greedy,3,20,100.0,5.535778827135992,3.5217956951598244,0.12181107759475704,8
Greedy,AM,greedy,3,50,100.0,17.641138626369415,5.647464441942785,0.2544951343536377,10
Greedy,MVMoE,greedy,3,50,100.0,17.37587922958116,5.8706370338829625,0.3517534947395325,9
Greedy,HDRL,greedy,3,50,100.0,19.929396915524734,6.471821712521422,0.25917210102081295,12
Greedy,TDRL,greedy,3,50,100.0,19.374237099799867,5.874246878737508,0.31671957969665526,11
Greedy,ECHO,greedy,3,50,100.0,16.498305309968035,5.205060844489465,0.2453954410552978,8
Greedy,Co-HeT,greedy,3,50,100.0,5.057798570799808,2.220603752767143,0.2929838705062866,2
Greedy,AM,greedy,3,100,100.0,21.629170614223618,6.666372452532276,0.4937556219100952,10
Greedy,MVMoE,greedy,3,100,100.0,17.550381264399473,5.1087433271884235,0.7007049250602723,7
Greedy,HDRL,greedy,3,100,100.0,31.269614137835198,6.610934994261663,0.5003866338729859,12
Greedy,TDRL,greedy,3,100,100.0,25.675153999599814,6.403224252881429,0.6269681000709534,11
Greedy,ECHO,greedy,3,100,100.0,20.770091772439454,4.566337919558042,0.48544749736785886,8
Greedy,Co-HeT,greedy,3,100,100.0,6.260202109770608,2.610240719622476,0.5779779934883118,2
Sample-1280,AM,sample1280,2,10,100.0,4.874885515357744,4.384760652727407,0.05424532413482661,11
Sample-1280,MVMoE,sample1280,2,10,100.0,5.17748013361538,4.040068392018746,0.07140230655670161,12
Sample-1280,HDRL,sample1280,2,10,100.0,2.5982099952107403,2.172674731235439,0.05493607044219967,8
Sample-1280,TDRL,sample1280,2,10,100.0,2.4656021985722405,2.2403286030924128,0.06301863431930538,7
Sample-1280,ECHO,sample1280,2,10,100.0,4.451215251483123,3.9800533426660327,0.05438844442367549,10
Sample-1280,Co-HeT,sample1280,2,10,100.0,2.168039292619448,1.972721380837672,0.0631921505928039,6
Sample-1280,AM,sample1280,2,20,100.0,7.1811386827225885,3.1522228050549135,0.10131621122360226,10
Sample-1280,MVMoE,sample1280,2,20,100.0,7.238533451443725,2.9001983713724013,0.13456646919250484,11
Sample-1280,HDRL,sample1280,2,20,100.0,4.800122665846346,2.278723942354558,0.10270374536514276,5
Sample-1280,TDRL,sample1280,2,20,100.0,8.527968815549167,2.9407261046721493,0.11682253837585443,12
Sample-1280,ECHO,sample1280,2,20,100.0,6.558628351047883,2.646083344274319,0.10025532245635983,9
Sample-1280,Co-HeT,sample1280,2,20,100.0,2.7632991080657323,1.981892711288909,0.1185745549201965,3
Sample-1280,AM,sample1280,2,50,100.0,10.095509417321345,3.3347971064969433,0.24318019390106196,6
Sample-1280,MVMoE,sample1280,2,50,100.0,10.278767628653236,2.9246941826686648,0.3223149251937866,7
Sample-1280,HDRL,sample1280,2,50,100.0,11.490034509979715,3.184348150592037,0.2860556292533874,9
Sample-1280,TDRL,sample1280,2,50,100.0,11.088403426000726,3.0922844520142996,0.27781872272491454,8
Sample-1280,ECHO,sample1280,2,50,100.0,10.03527294279891,2.8889664181711447,0.23826554298400876,5
Sample-1280,Co-HeT,sample1280,2,50,100.0,0.48275417447643704,1.0996043749945879,0.3229770612716675,1
Sample-1280,AM,sample1280,2,100,100.0,15.587767265716513,3.8017991878596056,0.5065932846069336,6
Sample-1280,MVMoE,sample1280,2,100,100.0,10.367445518978462,3.624428330288639,0.6361999845504761,3
Sample-1280,HDRL,sample1280,2,100,100.0,57.714329258049155,83.64492301131354,0.7492344522476196,16
Sample-1280,TDRL,sample1280,2,100,100.0,12.133388767109183,3.87534373264444,0.5732643413543701,5
Sample-1280,ECHO,sample1280,2,100,100.0,11.142198943912417,3.0698545625712668,0.5027190256118774,4
Sample-1280,Co-HeT,sample1280,2,100,100.0,0.037429698148760286,0.37429698148760276,0.8485122752189637,1
Sample-1280,AM,sample1280,3,10,100.0,2.399522460095197,2.237395310174354,0.0644571995735168,6
Sample-1280,MVMoE,sample1280,3,10,100.0,3.030103731798747,2.5929332651906822,0.0862334585189819,8
Sample-1280,HDRL,sample1280,3,10,100.0,1.7690781620881597,2.0737202466776163,0.06551075220108028,4
Sample-1280,TDRL,sample1280,3,10,100.0,1.3285757534621498,1.3920246124372166,0.07904230833053584,3
Sample-1280,ECHO,sample1280,3,10,100.0,2.7006412747102018,3.039061687407981,0.06392236232757564,7
Sample-1280,Co-HeT,sample1280,3,10,100.0,1.9492371664956378,2.2632651737435276,0.07347171545028683,5
Sample-1280,AM,sample1280,3,20,100.0,5.179350031136783,3.2199932754894873,0.12238699197769161,5
Sample-1280,MVMoE,sample1280,3,20,100.0,5.286481685155028,2.878819423676466,0.1648641967773437,6
Sample-1280,HDRL,sample1280,3,20,100.0,3.710894263688339,2.6112350946422027,0.1266822814941406,3
Sample-1280,TDRL,sample1280,3,20,100.0,5.510015418009687,3.14196970271734,0.1500844311714172,7
Sample-1280,ECHO,sample1280,3,20,100.0,5.9309530474475265,3.283216844471687,0.12120047807693478,9
Sample-1280,Co-HeT,sample1280,3,20,100.0,1.8442514119243159,1.833267241334536,0.138345935344696,1
Sample-1280,AM,sample1280,3,50,100.0,7.2994089127999064,3.10770326535119,0.2928500914573669,5
Sample-1280,MVMoE,sample1280,3,50,100.0,6.970148088346081,3.2573243219217742,0.39771591663360595,3
Sample-1280,HDRL,sample1280,3,50,100.0,9.438638690373569,3.3492718920976814,0.3786294746398926,6
Sample-1280,TDRL,sample1280,3,50,100.0,9.600913108611167,3.7140613358468086,0.3615763854980469,7
Sample-1280,ECHO,sample1280,3,50,100.0,7.219930005413958,2.9808069167259728,0.293719835281372,4
Sample-1280,Co-HeT,sample1280,3,50,100.0,0.04025163725521283,0.28448887479744794,0.3879839897155762,1
Sample-1280,AM,sample1280,3,100,100.0,11.125488922308236,2.887367237129583,0.6078108930587769,5
Sample-1280,MVMoE,sample1280,3,100,100.0,7.618304151388621,2.7130863984368774,0.7886948871612549,3
Sample-1280,HDRL,sample1280,3,100,100.0,20.872697402838426,3.552859152855144,0.9951858115196228,9
Sample-1280,TDRL,sample1280,3,100,100.0,12.317268202908396,3.2614986156029655,0.7473680186271667,6
Sample-1280,ECHO,sample1280,3,100,100.0,10.129708191020153,2.4394708690876135,0.5966666316986085,4
Sample-1280,Co-HeT,sample1280,3,100,100.0,0.004902083725137168,0.049020837251371685,0.9882156467437744,1
