method,kappa,size,index,instance,rep,seed,runtime_s,iterations_completed,termination_reason,status
ALNS,2,10,10,N10_K2_M12_I10,0,6345575,3.0823402404785156,101,iteration_limit,success
ALNS,2,10,10,N10_K2_M12_I10,1,8344000,3.0215225219726562,101,iteration_limit,success
ALNS,2,10,60,N10_K2_M12_I60,0,6345575,3.0832560062408447,101,iteration_limit,success
ALNS,2,10,60,N10_K2_M12_I60,1,8344000,2.9824721813201904,101,iteration_limit,success
IGA,2,10,10,N10_K2_M12_I10,0,4708410,13.993849039077759,101,iteration_limit,success
IGA,2,10,10,N10_K2_M12_I10,1,7195532,11.871464490890503,101,iteration_limit,success
IGA,2,10,60,N10_K2_M12_I60,0,4708410,11.893791437149048,101,iteration_limit,success
IGA,2,10,60,N10_K2_M12_I60,1,7195532,11.27139949798584,101,iteration_limit,success
DABC,2,10,10,N10_K2_M12_I10,0,7213488,34.209397315979004,101,iteration_limit,success
DABC,2,10,10,N10_K2_M12_I10,1,4068738,33.52135753631592,101,iteration_limit,success
DABC,2,10,60,N10_K2_M12_I60,0,7213488,33.93503522872925,101,iteration_limit,success
DABC,2,10,60,N10_K2_M12_I60,1,4068738,33.95407509803772,101,iteration_limit,success
DIWO,2,10,10,N10_K2_M12_I10,0,9562004,73.98692798614502,101,iteration_limit,success
DIWO,2,10,10,N10_K2_M12_I10,1,2008813,73.88594627380371,101,iteration_limit,success
DIWO,2,10,60,N10_K2_M12_I60,0,9562004,75.16043043136597,101,iteration_limit,success
DIWO,2,10,60,N10_K2_M12_I60,1,2008813,74.44285011291504,101,iteration_limit,success
ALNS,2,20,10,N20_K2_M12_I10,0,6345575,25.97171902656555,101,iteration_limit,success
ALNS,2,20,10,N20_K2_M12_I10,1,8344000,26.438079357147217,101,iteration_limit,success
ALNS,2,20,60,N20_K2_M12_I60,0,6345575,26.474765300750732,101,iteration_limit,success
ALNS,2,20,60,N20_K2_M12_I60,1,8344000,25.267069339752197,101,iteration_limit,success
IGA,2,20,10,N20_K2_M12_I10,0,4708410,78.76431608200073,101,iteration_limit,success
IGA,2,20,10,N20_K2_M12_I10,1,7195532,95.11010265350342,101,iteration_limit,success
IGA,2,20,60,N20_K2_M12_I60,0,4708410,118.85375308990479,101,iteration_limit,success
IGA,2,20,60,N20_K2_M12_I60,1,7195532,94.51600003242493,101,iteration_limit,success
DABC,2,20,10,N20_K2_M12_I10,0,7213488,60.36018776893616,101,iteration_limit,success
DABC,2,20,10,N20_K2_M12_I10,1,4068738,60.941110610961914,101,iteration_limit,success
DABC,2,20,60,N20_K2_M12_I60,0,7213488,59.88154888153076,101,iteration_limit,success
DABC,2,20,60,N20_K2_M12_I60,1,4068738,59.975024938583374,101,iteration_limit,success
DIWO,2,20,10,N20_K2_M12_I10,0,9562004,131.2897765636444,101,iteration_limit,success
DIWO,2,20,10,N20_K2_M12_I10,1,2008813,130.46766066551208,101,iteration_limit,success
DIWO,2,20,60,N20_K2_M12_I60,0,9562004,129.96240830421448,101,iteration_limit,success
DIWO,2,20,60,N20_K2_M12_I60,1,2008813,132.76408410072327,101,iteration_limit,success
ALNS,2,50,10,N50_K2_M12_I10,0,6345575,564.5226604938507,101,iteration_limit,success
ALNS,2,50,10,N50_K2_M12_I10,1,8344000,519.4234144687653,101,iteration_limit,success
ALNS,2,50,60,N50_K2_M12_I60,0,6345575,547.736218214035,101,iteration_limit,success
ALNS,2,50,60,N50_K2_M12_I60,1,8344000,518.027952671051,101,iteration_limit,success
IGA,2,50,10,N50_K2_M12_I10,0,4708410,899.9473645687103,101,iteration_limit,success
IGA,2,50,10,N50_K2_M12_I10,1,7195532,855.7918703556061,101,iteration_limit,success
IGA,2,50,60,N50_K2_M12_I60,0,4708410,737.9023230075836,101,iteration_limit,success
IGA,2,50,60,N50_K2_M12_I60,1,7195532,878.1531627178192,101,iteration_limit,success
DABC,2,50,10,N50_K2_M12_I10,0,7213488,139.1840636730194,101,iteration_limit,success
DABC,2,50,10,N50_K2_M12_I10,1,4068738,138.1869022846222,101,iteration_limit,success
DABC,2,50,60,N50_K2_M12_I60,0,7213488,138.91516041755676,101,iteration_limit,success
DABC,2,50,60,N50_K2_M12_I60,1,4068738,137.95953226089478,101,iteration_limit,success
DIWO,2,50,10,N50_K2_M12_I10,0,9562004,292.45380687713623,101,iteration_limit,success
DIWO,2,50,10,N50_K2_M12_I10,1,2008813,300.3200681209564,101,iteration_limit,success
DIWO,2,50,60,N50_K2_M12_I60,0,9562004,303.2146887779236,101,iteration_limit,success
DIWO,2,50,60,N50_K2_M12_I60,1,2008813,297.79900217056274,101,iteration_limit,success
DABC,2,100,10,N100_K2_M12_I10,0,7213488,273.0443317890167,101,iteration_limit,success
DABC,2,100,10,N100_K2_M12_I10,1,4068738,273.2696371078491,101,iteration_limit,success
DABC,2,100,60,N100_K2_M12_I60,0,7213488,271.21170806884766,101,iteration_limit,success
DABC,2,100,60,N100_K2_M12_I60,1,4068738,268.57331800460815,101,iteration_limit,success
DIWO,2,100,10,N100_K2_M12_I10,0,9562004,569.2123508453369,101,iteration_limit,success
DIWO,2,100,10,N100_K2_M12_I10,1,2008813,581.4152765274048,101,iteration_limit,success
DIWO,2,100,60,N100_K2_M12_I60,0,9562004,575.2322871685028,101,iteration_limit,success
DIWO,2,100,60,N100_K2_M12_I60,1,2008813,573.6179721355438,101,iteration_limit,success
ALNS,3,10,10,N10_K3_M18_I10,0,6345575,40.19027233123779,101,iteration_limit,success
ALNS,3,10,10,N10_K3_M18_I10,1,8344000,40.9976019859314,101,iteration_limit,success
ALNS,3,10,60,N10_K3_M18_I60,0,6345575,42.42456126213074,101,iteration_limit,success
ALNS,3,10,60,N10_K3_M18_I60,1,8344000,40.90711259841919,101,iteration_limit,success
IGA,3,10,10,N10_K3_M18_I10,0,4708410,228.1106882095337,101,iteration_limit,success
IGA,3,10,10,N10_K3_M18_I10,1,7195532,181.2382652759552,101,iteration_limit,success
IGA,3,10,60,N10_K3_M18_I60,0,4708410,211.99152612686157,101,iteration_limit,success
IGA,3,10,60,N10_K3_M18_I60,1,7195532,225.53021454811096,101,iteration_limit,success
DABC,3,10,10,N10_K3_M18_I10,0,7213488,47.37175989151001,101,iteration_limit,success
DABC,3,10,10,N10_K3_M18_I10,1,4068738,47.46510171890259,101,iteration_limit,success
DABC,3,10,60,N10_K3_M18_I60,0,7213488,46.80598330497742,101,iteration_limit,success
DABC,3,10,60,N10_K3_M18_I60,1,4068738,46.956286907196045,101,iteration_limit,success
DIWO,3,10,10,N10_K3_M18_I10,0,9562004,115.67013812065125,101,iteration_limit,success
DIWO,3,10,10,N10_K3_M18_I10,1,2008813,104.4928548336029,101,iteration_limit,success
DIWO,3,10,60,N10_K3_M18_I60,0,9562004,102.27261066436768,101,iteration_limit,success
DIWO,3,10,60,N10_K3_M18_I60,1,2008813,105.18454504013062,101,iteration_limit,success
ALNS,3,20,10,N20_K3_M18_I10,0,6345575,428.46276450157166,101,iteration_limit,success
ALNS,3,20,10,N20_K3_M18_I10,1,8344000,364.98436403274536,101,iteration_limit,success
ALNS,3,20,60,N20_K3_M18_I60,0,6345575,358.9626245498657,101,iteration_limit,success
ALNS,3,20,60,N20_K3_M18_I60,1,8344000,403.68836641311646,101,iteration_limit,success
IGA,3,20,10,N20_K3_M18_I10,0,4708410,1420.2647104263306,101,iteration_limit,success
IGA,3,20,10,N20_K3_M18_I10,1,7195532,1455.2667446136475,101,iteration_limit,success
IGA,3,20,60,N20_K3_M18_I60,0,4708410,2024.3041999340057,101,iteration_limit,success
IGA,3,20,60,N20_K3_M18_I60,1,7195532,1482.6505029201508,101,iteration_limit,success
DABC,3,20,10,N20_K3_M18_I10,0,7213488,86.49926853179932,101,iteration_limit,success
DABC,3,20,10,N20_K3_M18_I10,1,4068738,86.9449257850647,101,iteration_limit,success
DABC,3,20,60,N20_K3_M18_I60,0,7213488,88.1907389163971,101,iteration_limit,success
DABC,3,20,60,N20_K3_M18_I60,1,4068738,87.0540223121643,101,iteration_limit,success
DIWO,3,20,10,N20_K3_M18_I10,0,9562004,192.50275373458862,101,iteration_limit,success
DIWO,3,20,10,N20_K3_M18_I10,1,2008813,190.1138048171997,101,iteration_limit,success
DIWO,3,20,60,N20_K3_M18_I60,0,9562004,190.83441996574402,101,iteration_limit,success
DIWO,3,20,60,N20_K3_M18_I60,1,2008813,191.51975655555725,101,iteration_limit,success
DABC,3,50,10,N50_K3_M18_I10,0,7213488,207.74583196640015,101,iteration_limit,success
DABC,3,50,10,N50_K3_M18_I10,1,4068738,209.53069639205933,101,iteration_limit,success
DABC,3,50,60,N50_K3_M18_I60,0,7213488,208.43877005577087,101,iteration_limit,success
DABC,3,50,60,N50_K3_M18_I60,1,4068738,209.67839789390564,101,iteration_limit,success
DIWO,3,50,10,N50_K3_M18_I10,0,9562004,466.6564710140228,101,iteration_limit,success
DIWO,3,50,10,N50_K3_M18_I10,1,2008813,455.9015815258026,101,iteration_limit,success
DIWO,3,50,60,N50_K3_M18_I60,0,9562004,447.19117879867554,101,iteration_limit,success
DIWO,3,50,60,N50_K3_M18_I60,1,2008813,450.3185684680939,101,iteration_limit,success
DABC,3,100,10,N100_K3_M18_I10,0,7213488,420.25279474258423,101,iteration_limit,success
DABC,3,100,10,N100_K3_M18_I10,1,4068738,421.75536704063416,101,iteration_limit,success
DABC,3,100,60,N100_K3_M18_I60,0,7213488,415.23644852638245,101,iteration_limit,success
DABC,3,100,60,N100_K3_M18_I60,1,4068738,417.0278100967407,101,iteration_limit,success
DIWO,3,100,10,N100_K3_M18_I10,0,9562004,907.7906482219696,101,iteration_limit,success
DIWO,3,100,10,N100_K3_M18_I10,1,2008813,893.427229642868,101,iteration_limit,success
DIWO,3,100,60,N100_K3_M18_I60,0,9562004,902.0573275089264,101,iteration_limit,success
DIWO,3,100,60,N100_K3_M18_I60,1,2008813,909.2541444301605,101,iteration_limit,success
