category,method,mode,kappa,size,objective_n,mean_objective,time_n,mean_time_s,time_source
MILP,Gurobi,,2,10,100,7.699607336066487,100,1151.4149200153352,gurobi_all_completed_instances
MILP,Gurobi,,2,20,100,9.972014056541479,100,3600.012549993992,gurobi_all_completed_instances
MILP,Gurobi,,2,50,100,21.641037431745293,100,3600.011353571415,gurobi_all_completed_instances
MILP,Gurobi,,2,100,0,,0,3600.0,contract_limit
MILP,Gurobi,,3,10,100,10.30542676570763,100,3296.316123328781,gurobi_all_completed_instances
MILP,Gurobi,,3,20,100,14.436686836576868,100,3600.029010000229,gurobi_all_completed_instances
MILP,Gurobi,,3,50,93,45.66288223977406,100,3600.008730876446,gurobi_all_completed_instances
MILP,Gurobi,,3,100,0,,0,3600.0,contract_limit
Meta.,ALNS,,2,10,100,7.862660197255785,4,3.042397737503052,meta_quick_timing
Meta.,IGA,,2,10,100,7.747077067514988,4,12.257626116275787,meta_quick_timing
Meta.,DABC,,2,10,100,7.70938425019665,4,33.90496629476547,meta_quick_timing
Meta.,DIWO,,2,10,100,7.713785773918499,4,74.36903870105743,meta_quick_timing
Meta.,ALNS,,2,20,100,10.453989589987437,4,26.037908256053925,meta_quick_timing
Meta.,IGA,,2,20,100,10.137133629047971,4,96.81104296445848,meta_quick_timing
Meta.,DABC,,2,20,100,10.421714325753717,4,60.28946805000305,meta_quick_timing
Meta.,DIWO,,2,20,100,10.261503648445244,4,131.12098240852356,meta_quick_timing
Meta.,ALNS,,2,50,100,15.906331970633694,4,537.4275614619255,meta_quick_timing
Meta.,IGA,,2,50,100,15.629365487483103,4,842.9486801624298,meta_quick_timing
Meta.,DABC,,2,50,100,18.266863146990136,4,138.56141465902328,meta_quick_timing
Meta.,DIWO,,2,50,100,18.424622991002803,4,298.44689148664474,meta_quick_timing
Meta.,ALNS,,2,100,100,26.773682990225794,0,3600.0,contract_limit_preexcluded
Meta.,IGA,,2,100,100,28.79408169081266,0,3600.0,contract_limit_preexcluded
Meta.,DABC,,2,100,100,30.895641842741178,4,271.5247487425804,meta_quick_timing
Meta.,DIWO,,2,100,100,33.07630247746845,4,574.8694716691971,meta_quick_timing
Meta.,ALNS,,3,10,100,10.64762150247346,4,41.12988704442978,meta_quick_timing
Meta.,IGA,,3,10,100,10.402542100342785,4,211.71767354011536,meta_quick_timing
Meta.,DABC,,3,10,100,10.783325488975436,4,47.14978295564652,meta_quick_timing
Meta.,DIWO,,3,10,100,10.617156648457387,4,106.90503716468812,meta_quick_timing
Meta.,ALNS,,3,20,100,14.778659127734864,4,389.0245298743248,meta_quick_timing
Meta.,IGA,,3,20,100,14.4234110161776,4,1595.6215394735336,meta_quick_timing
Meta.,DABC,,3,20,100,17.002033320153306,4,87.17223888635635,meta_quick_timing
Meta.,DIWO,,3,20,100,16.511129076815223,4,191.2426837682724,meta_quick_timing
Meta.,ALNS,,3,50,100,29.650417714004003,0,3600.0,contract_limit_preexcluded
Meta.,IGA,,3,50,100,30.28689422490463,0,3600.0,contract_limit_preexcluded
Meta.,DABC,,3,50,100,33.60051690970922,4,208.848424077034,meta_quick_timing
Meta.,DIWO,,3,50,100,33.58415198769364,4,455.0169499516487,meta_quick_timing
Meta.,ALNS,,3,100,99,65.69122166488556,0,3600.0,contract_limit_preexcluded
Meta.,IGA,,3,100,100,67.39903413658459,0,3600.0,contract_limit_preexcluded
Meta.,DABC,,3,100,100,58.4353429352673,4,418.5681051015854,meta_quick_timing
Meta.,DIWO,,3,100,100,62.01501106496303,4,903.1323374509813,meta_quick_timing
Greedy,AM,greedy,2,10,100,8.619783096313476,100,0.04697153568267822,rtx5090_median_of_five_run_means
Greedy,MVMoE,greedy,2,10,100,8.537657089233399,100,0.06304975986480713,rtx5090_median_of_five_run_means
Greedy,HDRL,greedy,2,10,100,8.219472723007202,100,0.04771414279937744,rtx5090_median_of_five_run_means
Greedy,TDRL,greedy,2,10,100,8.283453974723816,100,0.05513643980026245,rtx5090_median_of_five_run_means
Greedy,ECHO,greedy,2,10,100,8.562669496536255,100,0.04828293085098267,rtx5090_median_of_five_run_means
Greedy,Co-HeT,greedy,2,10,100,8.025310797691345,100,0.0550010347366333,rtx5090_median_of_five_run_means
Greedy,AM,greedy,2,20,100,11.550012049674988,100,0.08753618717193604,rtx5090_median_of_five_run_means
Greedy,MVMoE,greedy,2,20,100,11.488780870437623,100,0.11843894004821777,rtx5090_median_of_five_run_means
Greedy,HDRL,greedy,2,20,100,11.26853012084961,100,0.08836632966995239,rtx5090_median_of_five_run_means
Greedy,TDRL,greedy,2,20,100,12.1130863571167,100,0.10279598712921142,rtx5090_median_of_five_run_means
Greedy,ECHO,greedy,2,20,100,11.45887698173523,100,0.08697144031524658,rtx5090_median_of_five_run_means
Greedy,Co-HeT,greedy,2,20,100,10.469623012542725,100,0.10463489055633544,rtx5090_median_of_five_run_means
Greedy,AM,greedy,2,50,100,17.929943656921388,100,0.2083354139328003,rtx5090_median_of_five_run_means
Greedy,MVMoE,greedy,2,50,100,17.804319734573365,100,0.2858420705795288,rtx5090_median_of_five_run_means
Greedy,HDRL,greedy,2,50,100,18.121462831497194,100,0.20992765903472901,rtx5090_median_of_five_run_means
Greedy,TDRL,greedy,2,50,100,18.136025028228758,100,0.24916816711425782,rtx5090_median_of_five_run_means
Greedy,ECHO,greedy,2,50,100,17.89954828262329,100,0.20708067893981932,rtx5090_median_of_five_run_means
Greedy,Co-HeT,greedy,2,50,100,15.592010412216187,100,0.24653367280960084,rtx5090_median_of_five_run_means
Greedy,AM,greedy,2,100,100,26.034695777893067,100,0.41204014539718625,rtx5090_median_of_five_run_means
Greedy,MVMoE,greedy,2,100,100,25.161169834136963,100,0.5664134407043457,rtx5090_median_of_five_run_means
Greedy,HDRL,greedy,2,100,100,31.567282123565676,100,0.4201578831672668,rtx5090_median_of_five_run_means
Greedy,TDRL,greedy,2,100,100,24.981601696014405,100,0.48382623434066774,rtx5090_median_of_five_run_means
Greedy,ECHO,greedy,2,100,100,25.236163082122804,100,0.40461186170578,rtx5090_median_of_five_run_means
Greedy,Co-HeT,greedy,2,100,100,22.837832775115967,100,0.48899982452392576,rtx5090_median_of_five_run_means
Greedy,AM,greedy,3,10,100,10.999637832641602,100,0.05535664558410645,rtx5090_median_of_five_run_means
Greedy,MVMoE,greedy,3,10,100,11.060111832618713,100,0.07637711048126221,rtx5090_median_of_five_run_means
Greedy,HDRL,greedy,3,10,100,10.814998202323913,100,0.05605632305145264,rtx5090_median_of_five_run_means
Greedy,TDRL,greedy,3,10,100,11.188267555236816,100,0.06957588195800782,rtx5090_median_of_five_run_means
Greedy,ECHO,greedy,3,10,100,11.149668998718262,100,0.05497875690460205,rtx5090_median_of_five_run_means
Greedy,Co-HeT,greedy,3,10,100,10.667949423789977,100,0.06374677181243897,rtx5090_median_of_five_run_means
Greedy,AM,greedy,3,20,100,15.749110240936279,100,0.1038955307006836,rtx5090_median_of_five_run_means
Greedy,MVMoE,greedy,3,20,100,15.685300312042237,100,0.1453022313117981,rtx5090_median_of_five_run_means
Greedy,HDRL,greedy,3,20,100,15.63190528869629,100,0.10578864574432373,rtx5090_median_of_five_run_means
Greedy,TDRL,greedy,3,20,100,17.468675146102907,100,0.13061129570007324,rtx5090_median_of_five_run_means
Greedy,ECHO,greedy,3,20,100,15.672562217712402,100,0.10305374145507812,rtx5090_median_of_five_run_means
Greedy,Co-HeT,greedy,3,20,100,14.676865844726562,100,0.12181107759475708,rtx5090_median_of_five_run_means
Greedy,AM,greedy,3,50,100,26.01411668777466,100,0.2544951343536377,rtx5090_median_of_five_run_means
Greedy,MVMoE,greedy,3,50,100,25.957708644866944,100,0.3517534947395325,rtx5090_median_of_five_run_means
Greedy,HDRL,greedy,3,50,100,26.515845012664794,100,0.259172101020813,rtx5090_median_of_five_run_means
Greedy,TDRL,greedy,3,50,100,26.387925643920898,100,0.31671957969665526,rtx5090_median_of_five_run_means
Greedy,ECHO,greedy,3,50,100,25.755405673980714,100,0.24539544105529784,rtx5090_median_of_five_run_means
Greedy,Co-HeT,greedy,3,50,100,23.241902542114257,100,0.2929838705062866,rtx5090_median_of_five_run_means
Greedy,AM,greedy,3,100,100,37.774889640808105,100,0.4937556219100952,rtx5090_median_of_five_run_means
Greedy,MVMoE,greedy,3,100,100,36.52308832168579,100,0.7007049250602723,rtx5090_median_of_five_run_means
Greedy,HDRL,greedy,3,100,100,40.78830696105957,100,0.5003866338729859,rtx5090_median_of_five_run_means
Greedy,TDRL,greedy,3,100,100,39.05318572998047,100,0.6269681000709534,rtx5090_median_of_five_run_means
Greedy,ECHO,greedy,3,100,100,37.527393131256105,100,0.48544749736785886,rtx5090_median_of_five_run_means
Greedy,Co-HeT,greedy,3,100,100,33.026230049133304,100,0.5779779934883118,rtx5090_median_of_five_run_means
Sample-1280,AM,sample1280,2,10,100,8.069437212944031,100,0.05424532413482666,rtx5090_median_of_five_run_means
Sample-1280,MVMoE,sample1280,2,10,100,8.091934466362,100,0.07140230655670166,rtx5090_median_of_five_run_means
Sample-1280,HDRL,sample1280,2,10,100,7.89404260635376,100,0.054936070442199704,rtx5090_median_of_five_run_means
Sample-1280,TDRL,sample1280,2,10,100,7.88245927810669,100,0.06301863431930542,rtx5090_median_of_five_run_means
Sample-1280,ECHO,sample1280,2,10,100,8.03676908493042,100,0.05438844442367554,rtx5090_median_of_five_run_means
Sample-1280,Co-HeT,sample1280,2,10,100,7.865160942077637,100,0.06319215059280396,rtx5090_median_of_five_run_means
Sample-1280,AM,sample1280,2,20,100,10.600119156837463,100,0.10131621122360229,rtx5090_median_of_five_run_means
Sample-1280,MVMoE,sample1280,2,20,100,10.603647165298462,100,0.1345664691925049,rtx5090_median_of_five_run_means
Sample-1280,HDRL,sample1280,2,20,100,10.367892074584962,100,0.10270374536514282,rtx5090_median_of_five_run_means
Sample-1280,TDRL,sample1280,2,20,100,10.732124991416931,100,0.11682253837585449,rtx5090_median_of_five_run_means
Sample-1280,ECHO,sample1280,2,20,100,10.541403098106384,100,0.10025532245635986,rtx5090_median_of_five_run_means
Sample-1280,Co-HeT,sample1280,2,20,100,10.164787011146545,100,0.11857455492019653,rtx5090_median_of_five_run_means
Sample-1280,AM,sample1280,2,50,100,16.253708152770997,100,0.24318019390106202,rtx5090_median_of_five_run_means
Sample-1280,MVMoE,sample1280,2,50,100,16.286270513534546,100,0.3223149251937866,rtx5090_median_of_five_run_means
Sample-1280,HDRL,sample1280,2,50,100,16.46578761100769,100,0.28605562925338746,rtx5090_median_of_five_run_means
Sample-1280,TDRL,sample1280,2,50,100,16.404345655441283,100,0.27781872272491454,rtx5090_median_of_five_run_means
Sample-1280,ECHO,sample1280,2,50,100,16.2535946559906,100,0.2382655429840088,rtx5090_median_of_five_run_means
Sample-1280,Co-HeT,sample1280,2,50,100,14.852171993255615,100,0.3229770612716675,rtx5090_median_of_five_run_means
Sample-1280,AM,sample1280,2,100,100,24.37613618850708,100,0.5065932846069336,rtx5090_median_of_five_run_means
Sample-1280,MVMoE,sample1280,2,100,100,23.24372049331665,100,0.6361999845504761,rtx5090_median_of_five_run_means
Sample-1280,HDRL,sample1280,2,100,100,33.973384590148925,100,0.7492344522476196,rtx5090_median_of_five_run_means
Sample-1280,TDRL,sample1280,2,100,100,23.61521448135376,100,0.5732643413543701,rtx5090_median_of_five_run_means
Sample-1280,ECHO,sample1280,2,100,100,23.41518985748291,100,0.5027190256118774,rtx5090_median_of_five_run_means
Sample-1280,Co-HeT,sample1280,2,100,100,21.10037363052368,100,0.8485122752189637,rtx5090_median_of_five_run_means
Sample-1280,AM,sample1280,3,10,100,10.5406445646286,100,0.06445719957351685,rtx5090_median_of_five_run_means
Sample-1280,MVMoE,sample1280,3,10,100,10.604015130996704,100,0.08623345851898194,rtx5090_median_of_five_run_means
Sample-1280,HDRL,sample1280,3,10,100,10.474717674255372,100,0.06551075220108032,rtx5090_median_of_five_run_means
Sample-1280,TDRL,sample1280,3,10,100,10.43057315349579,100,0.07904230833053588,rtx5090_median_of_five_run_means
Sample-1280,ECHO,sample1280,3,10,100,10.569228172302246,100,0.06392236232757569,rtx5090_median_of_five_run_means
Sample-1280,Co-HeT,sample1280,3,10,100,10.491662549972535,100,0.07347171545028687,rtx5090_median_of_five_run_means
Sample-1280,AM,sample1280,3,20,100,14.621044387817383,100,0.12238699197769165,rtx5090_median_of_five_run_means
Sample-1280,MVMoE,sample1280,3,20,100,14.63570779800415,100,0.16486419677734376,rtx5090_median_of_five_run_means
Sample-1280,HDRL,sample1280,3,20,100,14.41587903022766,100,0.12668228149414062,rtx5090_median_of_five_run_means
Sample-1280,TDRL,sample1280,3,20,100,14.665163850784301,100,0.15008443117141723,rtx5090_median_of_five_run_means
Sample-1280,ECHO,sample1280,3,20,100,14.723575496673584,100,0.12120047807693482,rtx5090_median_of_five_run_means
Sample-1280,Co-HeT,sample1280,3,20,100,14.161572132110596,100,0.13834593534469605,rtx5090_median_of_five_run_means
Sample-1280,AM,sample1280,3,50,100,23.730783290863037,100,0.29285009145736696,rtx5090_median_of_five_run_means
Sample-1280,MVMoE,sample1280,3,50,100,23.65377275466919,100,0.39771591663360595,rtx5090_median_of_five_run_means
Sample-1280,HDRL,sample1280,3,50,100,24.197987613677977,100,0.3786294746398926,rtx5090_median_of_five_run_means
Sample-1280,TDRL,sample1280,3,50,100,24.23390121459961,100,0.3615763854980469,rtx5090_median_of_five_run_means
Sample-1280,ECHO,sample1280,3,50,100,23.703550605773927,100,0.2937198352813721,rtx5090_median_of_five_run_means
Sample-1280,Co-HeT,sample1280,3,50,100,22.13175495147705,100,0.3879839897155762,rtx5090_median_of_five_run_means
Sample-1280,AM,sample1280,3,100,100,34.53032337188721,100,0.6078108930587769,rtx5090_median_of_five_run_means
Sample-1280,MVMoE,sample1280,3,100,100,33.43700260162353,100,0.7886948871612549,rtx5090_median_of_five_run_means
Sample-1280,HDRL,sample1280,3,100,100,37.572043800354,100,0.9951858115196228,rtx5090_median_of_five_run_means
Sample-1280,TDRL,sample1280,3,100,100,34.89487228393555,100,0.7473680186271667,rtx5090_median_of_five_run_means
Sample-1280,ECHO,sample1280,3,100,100,34.216033363342284,100,0.5966666316986085,rtx5090_median_of_five_run_means
Sample-1280,Co-HeT,sample1280,3,100,100,31.087868938446046,100,0.9882156467437744,rtx5090_median_of_five_run_means
